id,name,age,tel,email
15,monkey15,117,13987654321,xxx@qq.com
16,monkey16,12,13987654321,xxx@qq.com
17,monkey17,12,13987654321,xxx@qq.com
18,monkey18,12,13987654321,xxx@qq.com
19,monkey19,12,13987654321,xxx@qq.com
20,monkey20,12,13987654321,xxx@qq.com
21,monkey21,12,13987654321,xxx@qq.com
22,monkey22,12,13987654321,
23,monkey23,12,13987654321,xxx@qq.com
24,monkey24,12,13987654321,xxx@qq.com
25,monkey25,12,13987654321,xxx@qq.com
26,monkey26,12,13987654321,xxx@qq.com
27,monkey27,12,13987654321,xxx@qq.com
28,monkey28,12,13987654321,xxx@qq.com
29,monkey29,12,13987654321,xxx@qq.com
